ageofstore,salesinthousands,marketsize_Large,marketsize_Medium,marketsize_Small,promotion_1,promotion_2,promotion_3,week_1,week_2,week_3,week_4
4,33.73,0.0,1.0,0.0,0.0,0.0,1.0,1.0,0.0,0.0,0.0
4,35.67,0.0,1.0,0.0,0.0,0.0,1.0,0.0,1.0,0.0,0.0
4,29.03,0.0,1.0,0.0,0.0,0.0,1.0,0.0,0.0,1.0,0.0
4,39.25,0.0,1.0,0.0,0.0,0.0,1.0,0.0,0.0,0.0,1.0
5,27.81,0.0,1.0,0.0,0.0,1.0,0.0,1.0,0.0,0.0,0.0
5,34.67,0.0,1.0,0.0,0.0,1.0,0.0,0.0,1.0,0.0,0.0
5,27.98,0.0,1.0,0.0,0.0,1.0,0.0,0.0,0.0,1.0,0.0
5,27.72,0.0,1.0,0.0,0.0,1.0,0.0,0.0,0.0,0.0,1.0
12,44.54,0.0,1.0,0.0,1.0,0.0,0.0,1.0,0.0,0.0,0.0
12,37.94,0.0,1.0,0.0,1.0,0.0,0.0,0.0,1.0,0.0,0.0
12,45.49,0.0,1.0,0.0,1.0,0.0,0.0,0.0,0.0,1.0,0.0
12,34.75,0.0,1.0,0.0,1.0,0.0,0.0,0.0,0.0,0.0,1.0
1,39.28,0.0,1.0,0.0,0.0,1.0,0.0,1.0,0.0,0.0,0.0
1,39.8,0.0,1.0,0.0,0.0,1.0,0.0,0.0,1.0,0.0,0.0
1,24.77,0.0,1.0,0.0,0.0,1.0,0.0,0.0,0.0,1.0,0.0
1,30.98,0.0,1.0,0.0,0.0,1.0,0.0,0.0,0.0,0.0,1.0
10,30.37,0.0,1.0,0.0,0.0,1.0,0.0,1.0,0.0,0.0,0.0
10,24.82,0.0,1.0,0.0,0.0,1.0,0.0,0.0,1.0,0.0,0.0
10,37.47,0.0,1.0,0.0,0.0,1.0,0.0,0.0,0.0,1.0,0.0
10,23.35,0.0,1.0,0.0,0.0,1.0,0.0,0.0,0.0,0.0,1.0
10,32.9,0.0,1.0,0.0,0.0,0.0,1.0,1.0,0.0,0.0,0.0
10,22.18,0.0,1.0,0.0,0.0,0.0,1.0,0.0,1.0,0.0,0.0
10,42.98,0.0,1.0,0.0,0.0,0.0,1.0,0.0,0.0,1.0,0.0
10,26.68,0.0,1.0,0.0,0.0,0.0,1.0,0.0,0.0,0.0,1.0
15,42.92,0.0,1.0,0.0,1.0,0.0,0.0,1.0,0.0,0.0,0.0
15,42.16,0.0,1.0,0.0,1.0,0.0,0.0,0.0,1.0,0.0,0.0
15,51.72,0.0,1.0,0.0,1.0,0.0,0.0,0.0,0.0,1.0,0.0
15,36.17,0.0,1.0,0.0,1.0,0.0,0.0,0.0,0.0,0.0,1.0
10,30.08,0.0,1.0,0.0,0.0,1.0,0.0,1.0,0.0,0.0,0.0
10,28.62,0.0,1.0,0.0,0.0,1.0,0.0,0.0,1.0,0.0,0.0
10,25.4,0.0,1.0,0.0,0.0,1.0,0.0,0.0,0.0,1.0,0.0
10,27.26,0.0,1.0,0.0,0.0,1.0,0.0,0.0,0.0,0.0,1.0
6,37.41,0.0,1.0,0.0,1.0,0.0,0.0,1.0,0.0,0.0,0.0
6,38.64,0.0,1.0,0.0,1.0,0.0,0.0,0.0,1.0,0.0,0.0
6,40.9,0.0,1.0,0.0,1.0,0.0,0.0,0.0,0.0,1.0,0.0
6,41.11,0.0,1.0,0.0,1.0,0.0,0.0,0.0,0.0,0.0,1.0
5,34.27,0.0,1.0,0.0,0.0,1.0,0.0,1.0,0.0,0.0,0.0
5,29.3,0.0,1.0,0.0,0.0,1.0,0.0,0.0,1.0,0.0,0.0
5,23.93,0.0,1.0,0.0,0.0,1.0,0.0,0.0,0.0,1.0,0.0
5,35.16,0.0,1.0,0.0,0.0,1.0,0.0,0.0,0.0,0.0,1.0
5,33.42,0.0,1.0,0.0,0.0,0.0,1.0,1.0,0.0,0.0,0.0
5,37.93,0.0,1.0,0.0,0.0,0.0,1.0,0.0,1.0,0.0,0.0
5,33.85,0.0,1.0,0.0,0.0,0.0,1.0,0.0,0.0,1.0,0.0
5,40.25,0.0,1.0,0.0,0.0,0.0,1.0,0.0,0.0,0.0,1.0
12,35.85,0.0,1.0,0.0,1.0,0.0,0.0,1.0,0.0,0.0,0.0
12,36.24,0.0,1.0,0.0,1.0,0.0,0.0,0.0,1.0,0.0,0.0
12,41.73,0.0,1.0,0.0,1.0,0.0,0.0,0.0,0.0,1.0,0.0
12,37.32,0.0,1.0,0.0,1.0,0.0,0.0,0.0,0.0,0.0,1.0
12,50.48,0.0,1.0,0.0,1.0,0.0,0.0,1.0,0.0,0.0,0.0
12,36.88,0.0,1.0,0.0,1.0,0.0,0.0,0.0,1.0,0.0,0.0
12,35.68,0.0,1.0,0.0,1.0,0.0,0.0,0.0,0.0,1.0,0.0
12,46.45,0.0,1.0,0.0,1.0,0.0,0.0,0.0,0.0,0.0,1.0
22,67.48,0.0,0.0,1.0,1.0,0.0,0.0,1.0,0.0,0.0,0.0
22,65.57,0.0,0.0,1.0,1.0,0.0,0.0,0.0,1.0,0.0,0.0
22,68.42,0.0,0.0,1.0,1.0,0.0,0.0,0.0,0.0,1.0,0.0
22,60.93,0.0,0.0,1.0,1.0,0.0,0.0,0.0,0.0,0.0,1.0
8,61.59,0.0,0.0,1.0,0.0,0.0,1.0,1.0,0.0,0.0,0.0
8,63.64,0.0,0.0,1.0,0.0,0.0,1.0,0.0,1.0,0.0,0.0
8,54.68,0.0,0.0,1.0,0.0,0.0,1.0,0.0,0.0,1.0,0.0
8,61.24,0.0,0.0,1.0,0.0,0.0,1.0,0.0,0.0,0.0,1.0
22,62.93,0.0,0.0,1.0,0.0,0.0,1.0,1.0,0.0,0.0,0.0
22,58.77,0.0,0.0,1.0,0.0,0.0,1.0,0.0,1.0,0.0,0.0
22,70.6,0.0,0.0,1.0,0.0,0.0,1.0,0.0,0.0,1.0,0.0
22,65.06,0.0,0.0,1.0,0.0,0.0,1.0,0.0,0.0,0.0,1.0
19,59.76,0.0,0.0,1.0,0.0,0.0,1.0,1.0,0.0,0.0,0.0
19,66.11,0.0,0.0,1.0,0.0,0.0,1.0,0.0,1.0,0.0,0.0
19,62.16,0.0,0.0,1.0,0.0,0.0,1.0,0.0,0.0,1.0,0.0
19,64.04,0.0,0.0,1.0,0.0,0.0,1.0,0.0,0.0,0.0,1.0
8,59.65,0.0,0.0,1.0,0.0,0.0,1.0,1.0,0.0,0.0,0.0
8,57.04,0.0,0.0,1.0,0.0,0.0,1.0,0.0,1.0,0.0,0.0
8,59.73,0.0,0.0,1.0,0.0,0.0,1.0,0.0,0.0,1.0,0.0
8,56.72,0.0,0.0,1.0,0.0,0.0,1.0,0.0,0.0,0.0,1.0
5,58.55,0.0,0.0,1.0,0.0,0.0,1.0,1.0,0.0,0.0,0.0
5,62.19,0.0,0.0,1.0,0.0,0.0,1.0,0.0,1.0,0.0,0.0
5,53.14,0.0,0.0,1.0,0.0,0.0,1.0,0.0,0.0,1.0,0.0
5,62.27,0.0,0.0,1.0,0.0,0.0,1.0,0.0,0.0,0.0,1.0
4,86.14,1.0,0.0,0.0,0.0,0.0,1.0,1.0,0.0,0.0,0.0
4,82.56,1.0,0.0,0.0,0.0,0.0,1.0,0.0,1.0,0.0,0.0
4,79.36,1.0,0.0,0.0,0.0,0.0,1.0,0.0,0.0,1.0,0.0
4,77.17,1.0,0.0,0.0,0.0,0.0,1.0,0.0,0.0,0.0,1.0
8,88.73,1.0,0.0,0.0,1.0,0.0,0.0,1.0,0.0,0.0,0.0
8,85.21,1.0,0.0,0.0,1.0,0.0,0.0,0.0,1.0,0.0,0.0
8,81.55,1.0,0.0,0.0,1.0,0.0,0.0,0.0,0.0,1.0,0.0
8,94.17,1.0,0.0,0.0,1.0,0.0,0.0,0.0,0.0,0.0,1.0
12,89.7,1.0,0.0,0.0,0.0,0.0,1.0,1.0,0.0,0.0,0.0
12,78.43,1.0,0.0,0.0,0.0,0.0,1.0,0.0,1.0,0.0,0.0
12,84.05,1.0,0.0,0.0,0.0,0.0,1.0,0.0,0.0,1.0,0.0
12,81.18,1.0,0.0,0.0,0.0,0.0,1.0,0.0,0.0,0.0,1.0
1,87.43,1.0,0.0,0.0,0.0,1.0,0.0,1.0,0.0,0.0,0.0
1,81.79,1.0,0.0,0.0,0.0,1.0,0.0,0.0,1.0,0.0,0.0
1,88.12,1.0,0.0,0.0,0.0,1.0,0.0,0.0,0.0,1.0,0.0
1,75.29,1.0,0.0,0.0,0.0,1.0,0.0,0.0,0.0,0.0,1.0
19,83.02,1.0,0.0,0.0,0.0,0.0,1.0,1.0,0.0,0.0,0.0
19,90.3,1.0,0.0,0.0,0.0,0.0,1.0,0.0,1.0,0.0,0.0
19,85.18,1.0,0.0,0.0,0.0,0.0,1.0,0.0,0.0,1.0,0.0
19,89.77,1.0,0.0,0.0,0.0,0.0,1.0,0.0,0.0,0.0,1.0
11,82.64,1.0,0.0,0.0,0.0,0.0,1.0,1.0,0.0,0.0,0.0
11,82.89,1.0,0.0,0.0,0.0,0.0,1.0,0.0,1.0,0.0,0.0
11,82.13,1.0,0.0,0.0,0.0,0.0,1.0,0.0,0.0,1.0,0.0
11,88.91,1.0,0.0,0.0,0.0,0.0,1.0,0.0,0.0,0.0,1.0
1,87.7,1.0,0.0,0.0,0.0,0.0,1.0,1.0,0.0,0.0,0.0
1,81.16,1.0,0.0,0.0,0.0,0.0,1.0,0.0,1.0,0.0,0.0
1,81.58,1.0,0.0,0.0,0.0,0.0,1.0,0.0,0.0,1.0,0.0
1,94.21,1.0,0.0,0.0,0.0,0.0,1.0,0.0,0.0,0.0,1.0
1,96.48,1.0,0.0,0.0,0.0,0.0,1.0,1.0,0.0,0.0,0.0
1,84.13,1.0,0.0,0.0,0.0,0.0,1.0,0.0,1.0,0.0,0.0
1,91.98,1.0,0.0,0.0,0.0,0.0,1.0,0.0,0.0,1.0,0.0
1,81.72,1.0,0.0,0.0,0.0,0.0,1.0,0.0,0.0,0.0,1.0
1,93.71,1.0,0.0,0.0,1.0,0.0,0.0,1.0,0.0,0.0,0.0
1,96.01,1.0,0.0,0.0,1.0,0.0,0.0,0.0,1.0,0.0,0.0
1,93.03,1.0,0.0,0.0,1.0,0.0,0.0,0.0,0.0,1.0,0.0
1,97.61,1.0,0.0,0.0,1.0,0.0,0.0,0.0,0.0,0.0,1.0
19,85.11,1.0,0.0,0.0,1.0,0.0,0.0,1.0,0.0,0.0,0.0
19,88.07,1.0,0.0,0.0,1.0,0.0,0.0,0.0,1.0,0.0,0.0
19,94.43,1.0,0.0,0.0,1.0,0.0,0.0,0.0,0.0,1.0,0.0
19,89.44,1.0,0.0,0.0,1.0,0.0,0.0,0.0,0.0,0.0,1.0
13,88.64,1.0,0.0,0.0,0.0,1.0,0.0,1.0,0.0,0.0,0.0
13,81.37,1.0,0.0,0.0,0.0,1.0,0.0,0.0,1.0,0.0,0.0
13,82.14,1.0,0.0,0.0,0.0,1.0,0.0,0.0,0.0,1.0,0.0
13,79.64,1.0,0.0,0.0,0.0,1.0,0.0,0.0,0.0,0.0,1.0
3,84.34,1.0,0.0,0.0,0.0,0.0,1.0,1.0,0.0,0.0,0.0
3,87.9,1.0,0.0,0.0,0.0,0.0,1.0,0.0,1.0,0.0,0.0
3,76.12,1.0,0.0,0.0,0.0,0.0,1.0,0.0,0.0,1.0,0.0
3,82.72,1.0,0.0,0.0,0.0,0.0,1.0,0.0,0.0,0.0,1.0
4,73.22,1.0,0.0,0.0,0.0,1.0,0.0,1.0,0.0,0.0,0.0
4,75.88,1.0,0.0,0.0,0.0,1.0,0.0,0.0,1.0,0.0,0.0
4,78.01,1.0,0.0,0.0,0.0,1.0,0.0,0.0,0.0,1.0,0.0
4,80.17,1.0,0.0,0.0,0.0,1.0,0.0,0.0,0.0,0.0,1.0
5,91.6,1.0,0.0,0.0,1.0,0.0,0.0,1.0,0.0,0.0,0.0
5,80.61,1.0,0.0,0.0,1.0,0.0,0.0,0.0,1.0,0.0,0.0
5,93.86,1.0,0.0,0.0,1.0,0.0,0.0,0.0,0.0,1.0,0.0
5,83.43,1.0,0.0,0.0,1.0,0.0,0.0,0.0,0.0,0.0,1.0
7,82.65,1.0,0.0,0.0,0.0,1.0,0.0,1.0,0.0,0.0,0.0
7,77.39,1.0,0.0,0.0,0.0,1.0,0.0,0.0,1.0,0.0,0.0
7,80.83,1.0,0.0,0.0,0.0,1.0,0.0,0.0,0.0,1.0,0.0
7,80.75,1.0,0.0,0.0,0.0,1.0,0.0,0.0,0.0,0.0,1.0
4,94.89,1.0,0.0,0.0,0.0,0.0,1.0,1.0,0.0,0.0,0.0
4,74.75,1.0,0.0,0.0,0.0,0.0,1.0,0.0,1.0,0.0,0.0
4,93.63,1.0,0.0,0.0,0.0,0.0,1.0,0.0,0.0,1.0,0.0
4,80.82,1.0,0.0,0.0,0.0,0.0,1.0,0.0,0.0,0.0,1.0
5,91.61,1.0,0.0,0.0,0.0,0.0,1.0,1.0,0.0,0.0,0.0
5,79.02,1.0,0.0,0.0,0.0,0.0,1.0,0.0,1.0,0.0,0.0
5,86.11,1.0,0.0,0.0,0.0,0.0,1.0,0.0,0.0,1.0,0.0
5,82.88,1.0,0.0,0.0,0.0,0.0,1.0,0.0,0.0,0.0,1.0
2,99.65,1.0,0.0,0.0,1.0,0.0,0.0,1.0,0.0,0.0,0.0
2,88.64,1.0,0.0,0.0,1.0,0.0,0.0,0.0,1.0,0.0,0.0
2,86.96,1.0,0.0,0.0,1.0,0.0,0.0,0.0,0.0,1.0,0.0
2,89.25,1.0,0.0,0.0,1.0,0.0,0.0,0.0,0.0,0.0,1.0
7,66.22,1.0,0.0,0.0,0.0,1.0,0.0,1.0,0.0,0.0,0.0
7,82.86,1.0,0.0,0.0,0.0,1.0,0.0,0.0,1.0,0.0,0.0
7,83.4,1.0,0.0,0.0,0.0,1.0,0.0,0.0,0.0,1.0,0.0
7,75.61,1.0,0.0,0.0,0.0,1.0,0.0,0.0,0.0,0.0,1.0
3,87.08,1.0,0.0,0.0,1.0,0.0,0.0,1.0,0.0,0.0,0.0
3,89.32,1.0,0.0,0.0,1.0,0.0,0.0,0.0,1.0,0.0,0.0
3,99.12,1.0,0.0,0.0,1.0,0.0,0.0,0.0,0.0,1.0,0.0
3,85.85,1.0,0.0,0.0,1.0,0.0,0.0,0.0,0.0,0.0,1.0
23,79.53,1.0,0.0,0.0,0.0,1.0,0.0,1.0,0.0,0.0,0.0
23,74.03,1.0,0.0,0.0,0.0,1.0,0.0,0.0,1.0,0.0,0.0
23,78.53,1.0,0.0,0.0,0.0,1.0,0.0,0.0,0.0,1.0,0.0
23,76.71,1.0,0.0,0.0,0.0,1.0,0.0,0.0,0.0,0.0,1.0
6,93.32,1.0,0.0,0.0,1.0,0.0,0.0,1.0,0.0,0.0,0.0
6,85.71,1.0,0.0,0.0,1.0,0.0,0.0,0.0,1.0,0.0,0.0
6,77.36,1.0,0.0,0.0,1.0,0.0,0.0,0.0,0.0,1.0,0.0
6,91.29,1.0,0.0,0.0,1.0,0.0,0.0,0.0,0.0,0.0,1.0
1,49.61,0.0,0.0,1.0,0.0,1.0,0.0,1.0,0.0,0.0,0.0
1,43.69,0.0,0.0,1.0,0.0,1.0,0.0,0.0,1.0,0.0,0.0
1,54.49,0.0,0.0,1.0,0.0,1.0,0.0,0.0,0.0,1.0,0.0
1,61.25,0.0,0.0,1.0,0.0,1.0,0.0,0.0,0.0,0.0,1.0
7,51.47,0.0,0.0,1.0,0.0,0.0,1.0,1.0,0.0,0.0,0.0
7,53.47,0.0,0.0,1.0,0.0,0.0,1.0,0.0,1.0,0.0,0.0
7,46.83,0.0,0.0,1.0,0.0,0.0,1.0,0.0,0.0,1.0,0.0
7,56.7,0.0,0.0,1.0,0.0,0.0,1.0,0.0,0.0,0.0,1.0
9,55.94,0.0,0.0,1.0,1.0,0.0,0.0,1.0,0.0,0.0,0.0
9,61.36,0.0,0.0,1.0,1.0,0.0,0.0,0.0,1.0,0.0,0.0
9,56.19,0.0,0.0,1.0,1.0,0.0,0.0,0.0,0.0,1.0,0.0
9,62.06,0.0,0.0,1.0,1.0,0.0,0.0,0.0,0.0,0.0,1.0
3,54.01,0.0,0.0,1.0,1.0,0.0,0.0,1.0,0.0,0.0,0.0
3,63.48,0.0,0.0,1.0,1.0,0.0,0.0,0.0,1.0,0.0,0.0
3,61.96,0.0,0.0,1.0,1.0,0.0,0.0,0.0,0.0,1.0,0.0
3,55.3,0.0,0.0,1.0,1.0,0.0,0.0,0.0,0.0,0.0,1.0
2,47.89,0.0,0.0,1.0,0.0,1.0,0.0,1.0,0.0,0.0,0.0
2,52.37,0.0,0.0,1.0,0.0,1.0,0.0,0.0,1.0,0.0,0.0
2,49.11,0.0,0.0,1.0,0.0,1.0,0.0,0.0,0.0,1.0,0.0
2,52.88,0.0,0.0,1.0,0.0,1.0,0.0,0.0,0.0,0.0,1.0
13,53.79,0.0,0.0,1.0,1.0,0.0,0.0,1.0,0.0,0.0,0.0
13,66.96,0.0,0.0,1.0,1.0,0.0,0.0,0.0,1.0,0.0,0.0
13,57.1,0.0,0.0,1.0,1.0,0.0,0.0,0.0,0.0,1.0,0.0
13,65.12,0.0,0.0,1.0,1.0,0.0,0.0,0.0,0.0,0.0,1.0
7,46.98,0.0,0.0,1.0,0.0,1.0,0.0,1.0,0.0,0.0,0.0
7,53.41,0.0,0.0,1.0,0.0,1.0,0.0,0.0,1.0,0.0,0.0
7,36.17,0.0,0.0,1.0,0.0,1.0,0.0,0.0,0.0,1.0,0.0
7,55.98,0.0,0.0,1.0,0.0,1.0,0.0,0.0,0.0,0.0,1.0
28,51.87,0.0,0.0,1.0,0.0,1.0,0.0,1.0,0.0,0.0,0.0
28,58.01,0.0,0.0,1.0,0.0,1.0,0.0,0.0,1.0,0.0,0.0
28,47.93,0.0,0.0,1.0,0.0,1.0,0.0,0.0,0.0,1.0,0.0
28,51.33,0.0,0.0,1.0,0.0,1.0,0.0,0.0,0.0,0.0,1.0
8,62.16,0.0,0.0,1.0,1.0,0.0,0.0,1.0,0.0,0.0,0.0
8,54.06,0.0,0.0,1.0,1.0,0.0,0.0,0.0,1.0,0.0,0.0
8,51.72,0.0,0.0,1.0,1.0,0.0,0.0,0.0,0.0,1.0,0.0
8,59.64,0.0,0.0,1.0,1.0,0.0,0.0,0.0,0.0,0.0,1.0
5,52.23,0.0,1.0,0.0,0.0,0.0,1.0,1.0,0.0,0.0,0.0
5,51.68,0.0,1.0,0.0,0.0,0.0,1.0,0.0,1.0,0.0,0.0
5,46.22,0.0,1.0,0.0,0.0,0.0,1.0,0.0,0.0,1.0,0.0
5,46.03,0.0,1.0,0.0,0.0,0.0,1.0,0.0,0.0,0.0,1.0
25,40.4,0.0,1.0,0.0,0.0,1.0,0.0,1.0,0.0,0.0,0.0
25,50.28,0.0,1.0,0.0,0.0,1.0,0.0,0.0,1.0,0.0,0.0
25,52.72,0.0,1.0,0.0,0.0,1.0,0.0,0.0,0.0,1.0,0.0
25,38.3,0.0,1.0,0.0,0.0,1.0,0.0,0.0,0.0,0.0,1.0
19,51.79,0.0,1.0,0.0,0.0,1.0,0.0,1.0,0.0,0.0,0.0
19,42.56,0.0,1.0,0.0,0.0,1.0,0.0,0.0,1.0,0.0,0.0
19,44.64,0.0,1.0,0.0,0.0,1.0,0.0,0.0,0.0,1.0,0.0
19,45.11,0.0,1.0,0.0,0.0,1.0,0.0,0.0,0.0,0.0,1.0
8,42.15,0.0,1.0,0.0,0.0,1.0,0.0,1.0,0.0,0.0,0.0
8,42.59,0.0,1.0,0.0,0.0,1.0,0.0,0.0,1.0,0.0,0.0
8,49.56,0.0,1.0,0.0,0.0,1.0,0.0,0.0,0.0,1.0,0.0
8,39.25,0.0,1.0,0.0,0.0,1.0,0.0,0.0,0.0,0.0,1.0
4,48.18,0.0,1.0,0.0,0.0,1.0,0.0,1.0,0.0,0.0,0.0
4,48.25,0.0,1.0,0.0,0.0,1.0,0.0,0.0,1.0,0.0,0.0
4,46.42,0.0,1.0,0.0,0.0,1.0,0.0,0.0,0.0,1.0,0.0
4,43.77,0.0,1.0,0.0,0.0,1.0,0.0,0.0,0.0,0.0,1.0
3,45.3,0.0,1.0,0.0,0.0,1.0,0.0,1.0,0.0,0.0,0.0
3,48.84,0.0,1.0,0.0,0.0,1.0,0.0,0.0,1.0,0.0,0.0
3,45.08,0.0,1.0,0.0,0.0,1.0,0.0,0.0,0.0,1.0,0.0
3,44.67,0.0,1.0,0.0,0.0,1.0,0.0,0.0,0.0,0.0,1.0
6,45.56,0.0,1.0,0.0,0.0,0.0,1.0,1.0,0.0,0.0,0.0
6,55.19,0.0,1.0,0.0,0.0,0.0,1.0,0.0,1.0,0.0,0.0
6,37.84,0.0,1.0,0.0,0.0,0.0,1.0,0.0,0.0,1.0,0.0
6,50.07,0.0,1.0,0.0,0.0,0.0,1.0,0.0,0.0,0.0,1.0
9,47.33,0.0,1.0,0.0,0.0,1.0,0.0,1.0,0.0,0.0,0.0
9,45.42,0.0,1.0,0.0,0.0,1.0,0.0,0.0,1.0,0.0,0.0
9,44.31,0.0,1.0,0.0,0.0,1.0,0.0,0.0,0.0,1.0,0.0
9,40.26,0.0,1.0,0.0,0.0,1.0,0.0,0.0,0.0,0.0,1.0
14,43.27,0.0,1.0,0.0,0.0,1.0,0.0,1.0,0.0,0.0,0.0
14,48.33,0.0,1.0,0.0,0.0,1.0,0.0,0.0,1.0,0.0,0.0
14,44.14,0.0,1.0,0.0,0.0,1.0,0.0,0.0,0.0,1.0,0.0
14,51.5,0.0,1.0,0.0,0.0,1.0,0.0,0.0,0.0,0.0,1.0
11,49.95,0.0,1.0,0.0,1.0,0.0,0.0,1.0,0.0,0.0,0.0
11,55.11,0.0,1.0,0.0,1.0,0.0,0.0,0.0,1.0,0.0,0.0
11,55.28,0.0,1.0,0.0,1.0,0.0,0.0,0.0,0.0,1.0,0.0
11,54.7,0.0,1.0,0.0,1.0,0.0,0.0,0.0,0.0,0.0,1.0
23,50.11,0.0,1.0,0.0,0.0,0.0,1.0,1.0,0.0,0.0,0.0
23,55.59,0.0,1.0,0.0,0.0,0.0,1.0,0.0,1.0,0.0,0.0
23,54.37,0.0,1.0,0.0,0.0,0.0,1.0,0.0,0.0,1.0,0.0
23,51.91,0.0,1.0,0.0,0.0,0.0,1.0,0.0,0.0,0.0,1.0
6,59.34,0.0,1.0,0.0,1.0,0.0,0.0,1.0,0.0,0.0,0.0
6,62.63,0.0,1.0,0.0,1.0,0.0,0.0,0.0,1.0,0.0,0.0
6,49.08,0.0,1.0,0.0,1.0,0.0,0.0,0.0,0.0,1.0,0.0
6,58.04,0.0,1.0,0.0,1.0,0.0,0.0,0.0,0.0,0.0,1.0
1,46.26,0.0,1.0,0.0,0.0,1.0,0.0,1.0,0.0,0.0,0.0
1,47.71,0.0,1.0,0.0,0.0,1.0,0.0,0.0,1.0,0.0,0.0
1,54.09,0.0,1.0,0.0,0.0,1.0,0.0,0.0,0.0,1.0,0.0
1,46.89,0.0,1.0,0.0,0.0,1.0,0.0,0.0,0.0,0.0,1.0
1,57.37,0.0,1.0,0.0,0.0,0.0,1.0,1.0,0.0,0.0,0.0
1,55.53,0.0,1.0,0.0,0.0,0.0,1.0,0.0,1.0,0.0,0.0
1,51.16,0.0,1.0,0.0,0.0,0.0,1.0,0.0,0.0,1.0,0.0
1,57.06,0.0,1.0,0.0,0.0,0.0,1.0,0.0,0.0,0.0,1.0
12,50.59,0.0,1.0,0.0,0.0,0.0,1.0,1.0,0.0,0.0,0.0
12,48.64,0.0,1.0,0.0,0.0,0.0,1.0,0.0,1.0,0.0,0.0
12,50.55,0.0,1.0,0.0,0.0,0.0,1.0,0.0,0.0,1.0,0.0
12,49.08,0.0,1.0,0.0,0.0,0.0,1.0,0.0,0.0,0.0,1.0
6,24.75,0.0,1.0,0.0,0.0,0.0,1.0,1.0,0.0,0.0,0.0
6,41.47,0.0,1.0,0.0,0.0,0.0,1.0,0.0,1.0,0.0,0.0
6,35.1,0.0,1.0,0.0,0.0,0.0,1.0,0.0,0.0,1.0,0.0
6,34.33,0.0,1.0,0.0,0.0,0.0,1.0,0.0,0.0,0.0,1.0
19,31.94,0.0,1.0,0.0,0.0,1.0,0.0,1.0,0.0,0.0,0.0
19,29.64,0.0,1.0,0.0,0.0,1.0,0.0,0.0,1.0,0.0,0.0
19,33.64,0.0,1.0,0.0,0.0,1.0,0.0,0.0,0.0,1.0,0.0
19,36.05,0.0,1.0,0.0,0.0,1.0,0.0,0.0,0.0,0.0,1.0
2,36.7,0.0,1.0,0.0,0.0,1.0,0.0,1.0,0.0,0.0,0.0
2,41.53,0.0,1.0,0.0,0.0,1.0,0.0,0.0,1.0,0.0,0.0
2,27.71,0.0,1.0,0.0,0.0,1.0,0.0,0.0,0.0,1.0,0.0
2,37.2,0.0,1.0,0.0,0.0,1.0,0.0,0.0,0.0,0.0,1.0
4,42.16,0.0,1.0,0.0,1.0,0.0,0.0,1.0,0.0,0.0,0.0
4,36.8,0.0,1.0,0.0,1.0,0.0,0.0,0.0,1.0,0.0,0.0
4,46.98,0.0,1.0,0.0,1.0,0.0,0.0,0.0,0.0,1.0,0.0
4,47.35,0.0,1.0,0.0,1.0,0.0,0.0,0.0,0.0,0.0,1.0
1,32.21,0.0,1.0,0.0,0.0,1.0,0.0,1.0,0.0,0.0,0.0
1,38.41,0.0,1.0,0.0,0.0,1.0,0.0,0.0,1.0,0.0,0.0
1,37.9,0.0,1.0,0.0,0.0,1.0,0.0,0.0,0.0,1.0,0.0
1,44.84,0.0,1.0,0.0,0.0,1.0,0.0,0.0,0.0,0.0,1.0
12,37.45,0.0,1.0,0.0,0.0,1.0,0.0,1.0,0.0,0.0,0.0
12,35.46,0.0,1.0,0.0,0.0,1.0,0.0,0.0,1.0,0.0,0.0
12,31.85,0.0,1.0,0.0,0.0,1.0,0.0,0.0,0.0,1.0,0.0
12,19.26,0.0,1.0,0.0,0.0,1.0,0.0,0.0,0.0,0.0,1.0
5,38.65,0.0,1.0,0.0,0.0,1.0,0.0,1.0,0.0,0.0,0.0
5,17.34,0.0,1.0,0.0,0.0,1.0,0.0,0.0,1.0,0.0,0.0
5,33.14,0.0,1.0,0.0,0.0,1.0,0.0,0.0,0.0,1.0,0.0
5,23.44,0.0,1.0,0.0,0.0,1.0,0.0,0.0,0.0,0.0,1.0
5,37.17,0.0,1.0,0.0,0.0,0.0,1.0,1.0,0.0,0.0,0.0
5,30.52,0.0,1.0,0.0,0.0,0.0,1.0,0.0,1.0,0.0,0.0
5,32.51,0.0,1.0,0.0,0.0,0.0,1.0,0.0,0.0,1.0,0.0
5,29.12,0.0,1.0,0.0,0.0,0.0,1.0,0.0,0.0,0.0,1.0
8,40.46,0.0,1.0,0.0,1.0,0.0,0.0,1.0,0.0,0.0,0.0
8,41.25,0.0,1.0,0.0,1.0,0.0,0.0,0.0,1.0,0.0,0.0
8,32.05,0.0,1.0,0.0,1.0,0.0,0.0,0.0,0.0,1.0,0.0
8,47.5,0.0,1.0,0.0,1.0,0.0,0.0,0.0,0.0,0.0,1.0
7,32.77,0.0,1.0,0.0,0.0,1.0,0.0,1.0,0.0,0.0,0.0
7,30.26,0.0,1.0,0.0,0.0,1.0,0.0,0.0,1.0,0.0,0.0
7,27.55,0.0,1.0,0.0,0.0,1.0,0.0,0.0,0.0,1.0,0.0
7,27.37,0.0,1.0,0.0,0.0,1.0,0.0,0.0,0.0,0.0,1.0
24,47.48,0.0,1.0,0.0,0.0,0.0,1.0,1.0,0.0,0.0,0.0
24,39.41,0.0,1.0,0.0,0.0,0.0,1.0,0.0,1.0,0.0,0.0
24,43.29,0.0,1.0,0.0,0.0,0.0,1.0,0.0,0.0,1.0,0.0
24,42.59,0.0,1.0,0.0,0.0,0.0,1.0,0.0,0.0,0.0,1.0
4,35.3,0.0,1.0,0.0,1.0,0.0,0.0,1.0,0.0,0.0,0.0
4,35.86,0.0,1.0,0.0,1.0,0.0,0.0,0.0,1.0,0.0,0.0
4,49.3,0.0,1.0,0.0,1.0,0.0,0.0,0.0,0.0,1.0,0.0
4,30.81,0.0,1.0,0.0,1.0,0.0,0.0,0.0,0.0,0.0,1.0
7,44.98,0.0,1.0,0.0,1.0,0.0,0.0,1.0,0.0,0.0,0.0
7,41.71,0.0,1.0,0.0,1.0,0.0,0.0,0.0,1.0,0.0,0.0
7,41.1,0.0,1.0,0.0,1.0,0.0,0.0,0.0,0.0,1.0,0.0
7,40.97,0.0,1.0,0.0,1.0,0.0,0.0,0.0,0.0,0.0,1.0
6,41.1,0.0,1.0,0.0,1.0,0.0,0.0,1.0,0.0,0.0,0.0
6,41.56,0.0,1.0,0.0,1.0,0.0,0.0,0.0,1.0,0.0,0.0
6,36.39,0.0,1.0,0.0,1.0,0.0,0.0,0.0,0.0,1.0,0.0
6,39.67,0.0,1.0,0.0,1.0,0.0,0.0,0.0,0.0,0.0,1.0
8,34.46,0.0,1.0,0.0,0.0,0.0,1.0,1.0,0.0,0.0,0.0
8,40.13,0.0,1.0,0.0,0.0,0.0,1.0,0.0,1.0,0.0,0.0
8,32.18,0.0,1.0,0.0,0.0,0.0,1.0,0.0,0.0,1.0,0.0
8,43.73,0.0,1.0,0.0,0.0,0.0,1.0,0.0,0.0,0.0,1.0
7,49.01,0.0,1.0,0.0,0.0,0.0,1.0,1.0,0.0,0.0,0.0
7,46.29,0.0,1.0,0.0,0.0,0.0,1.0,0.0,1.0,0.0,0.0
7,37.14,0.0,1.0,0.0,0.0,0.0,1.0,0.0,0.0,1.0,0.0
7,42.82,0.0,1.0,0.0,0.0,0.0,1.0,0.0,0.0,0.0,1.0
4,47.22,0.0,1.0,0.0,0.0,0.0,1.0,1.0,0.0,0.0,0.0
4,35.24,0.0,1.0,0.0,0.0,0.0,1.0,0.0,1.0,0.0,0.0
4,47.22,0.0,1.0,0.0,0.0,0.0,1.0,0.0,0.0,1.0,0.0
4,43.15,0.0,1.0,0.0,0.0,0.0,1.0,0.0,0.0,0.0,1.0
4,40.71,0.0,1.0,0.0,0.0,1.0,0.0,1.0,0.0,0.0,0.0
4,38.26,0.0,1.0,0.0,0.0,1.0,0.0,0.0,1.0,0.0,0.0
4,41.44,0.0,1.0,0.0,0.0,1.0,0.0,0.0,0.0,1.0,0.0
4,25.7,0.0,1.0,0.0,0.0,1.0,0.0,0.0,0.0,0.0,1.0
11,40.29,0.0,1.0,0.0,0.0,0.0,1.0,1.0,0.0,0.0,0.0
11,48.35,0.0,1.0,0.0,0.0,0.0,1.0,0.0,1.0,0.0,0.0
11,43.26,0.0,1.0,0.0,0.0,0.0,1.0,0.0,0.0,1.0,0.0
11,44.2,0.0,1.0,0.0,0.0,0.0,1.0,0.0,0.0,0.0,1.0
8,46.14,0.0,1.0,0.0,0.0,0.0,1.0,1.0,0.0,0.0,0.0
8,41.12,0.0,1.0,0.0,0.0,0.0,1.0,0.0,1.0,0.0,0.0
8,45.03,0.0,1.0,0.0,0.0,0.0,1.0,0.0,0.0,1.0,0.0
8,38.85,0.0,1.0,0.0,0.0,0.0,1.0,0.0,0.0,0.0,1.0
8,41.96,0.0,1.0,0.0,0.0,0.0,1.0,1.0,0.0,0.0,0.0
8,42.27,0.0,1.0,0.0,0.0,0.0,1.0,0.0,1.0,0.0,0.0
8,38.51,0.0,1.0,0.0,0.0,0.0,1.0,0.0,0.0,1.0,0.0
8,43.51,0.0,1.0,0.0,0.0,0.0,1.0,0.0,0.0,0.0,1.0
3,49.39,0.0,1.0,0.0,0.0,1.0,0.0,1.0,0.0,0.0,0.0
3,40.25,0.0,1.0,0.0,0.0,1.0,0.0,0.0,1.0,0.0,0.0
3,42.46,0.0,1.0,0.0,0.0,1.0,0.0,0.0,0.0,1.0,0.0
3,31.62,0.0,1.0,0.0,0.0,1.0,0.0,0.0,0.0,0.0,1.0
18,53.38,0.0,1.0,0.0,1.0,0.0,0.0,1.0,0.0,0.0,0.0
18,55.31,0.0,1.0,0.0,1.0,0.0,0.0,0.0,1.0,0.0,0.0
18,56.1,0.0,1.0,0.0,1.0,0.0,0.0,0.0,0.0,1.0,0.0
18,43.24,0.0,1.0,0.0,1.0,0.0,0.0,0.0,0.0,0.0,1.0
9,48.18,0.0,1.0,0.0,1.0,0.0,0.0,1.0,0.0,0.0,0.0
9,43.11,0.0,1.0,0.0,1.0,0.0,0.0,0.0,1.0,0.0,0.0
9,43.78,0.0,1.0,0.0,1.0,0.0,0.0,0.0,0.0,1.0,0.0
9,56.9,0.0,1.0,0.0,1.0,0.0,0.0,0.0,0.0,0.0,1.0
4,53.53,0.0,1.0,0.0,1.0,0.0,0.0,1.0,0.0,0.0,0.0
4,47.92,0.0,1.0,0.0,1.0,0.0,0.0,0.0,1.0,0.0,0.0
4,56.18,0.0,1.0,0.0,1.0,0.0,0.0,0.0,0.0,1.0,0.0
4,46.66,0.0,1.0,0.0,1.0,0.0,0.0,0.0,0.0,0.0,1.0
11,40.43,0.0,1.0,0.0,0.0,0.0,1.0,1.0,0.0,0.0,0.0
11,51.15,0.0,1.0,0.0,0.0,0.0,1.0,0.0,1.0,0.0,0.0
11,42.5,0.0,1.0,0.0,0.0,0.0,1.0,0.0,0.0,1.0,0.0
11,52.76,0.0,1.0,0.0,0.0,0.0,1.0,0.0,0.0,0.0,1.0
1,47.63,0.0,1.0,0.0,0.0,0.0,1.0,1.0,0.0,0.0,0.0
1,52.21,0.0,1.0,0.0,0.0,0.0,1.0,0.0,1.0,0.0,0.0
1,40.17,0.0,1.0,0.0,0.0,0.0,1.0,0.0,0.0,1.0,0.0
1,48.36,0.0,1.0,0.0,0.0,0.0,1.0,0.0,0.0,0.0,1.0
18,42.76,0.0,1.0,0.0,1.0,0.0,0.0,1.0,0.0,0.0,0.0
18,50.52,0.0,1.0,0.0,1.0,0.0,0.0,0.0,1.0,0.0,0.0
18,56.86,0.0,1.0,0.0,1.0,0.0,0.0,0.0,0.0,1.0,0.0
18,47.51,0.0,1.0,0.0,1.0,0.0,0.0,0.0,0.0,0.0,1.0
8,38.56,0.0,1.0,0.0,0.0,1.0,0.0,1.0,0.0,0.0,0.0
8,37.29,0.0,1.0,0.0,0.0,1.0,0.0,0.0,1.0,0.0,0.0
8,35.6,0.0,1.0,0.0,0.0,1.0,0.0,0.0,0.0,1.0,0.0
8,33.35,0.0,1.0,0.0,0.0,1.0,0.0,0.0,0.0,0.0,1.0
1,48.5,0.0,1.0,0.0,0.0,1.0,0.0,1.0,0.0,0.0,0.0
1,36.8,0.0,1.0,0.0,0.0,1.0,0.0,0.0,1.0,0.0,0.0
1,48.32,0.0,1.0,0.0,0.0,1.0,0.0,0.0,0.0,1.0,0.0
1,41.54,0.0,1.0,0.0,0.0,1.0,0.0,0.0,0.0,0.0,1.0
1,53.56,0.0,1.0,0.0,0.0,0.0,1.0,1.0,0.0,0.0,0.0
1,49.72,0.0,1.0,0.0,0.0,0.0,1.0,0.0,1.0,0.0,0.0
1,48.77,0.0,1.0,0.0,0.0,0.0,1.0,0.0,0.0,1.0,0.0
1,46.84,0.0,1.0,0.0,0.0,0.0,1.0,0.0,0.0,0.0,1.0
13,51.82,0.0,1.0,0.0,1.0,0.0,0.0,1.0,0.0,0.0,0.0
13,45.02,0.0,1.0,0.0,1.0,0.0,0.0,0.0,1.0,0.0,0.0
13,49.44,0.0,1.0,0.0,1.0,0.0,0.0,0.0,0.0,1.0,0.0
13,51.32,0.0,1.0,0.0,1.0,0.0,0.0,0.0,0.0,0.0,1.0
4,52.85,0.0,1.0,0.0,1.0,0.0,0.0,1.0,0.0,0.0,0.0
4,40.84,0.0,1.0,0.0,1.0,0.0,0.0,0.0,1.0,0.0,0.0
4,64.45,0.0,1.0,0.0,1.0,0.0,0.0,0.0,0.0,1.0,0.0
4,44.43,0.0,1.0,0.0,1.0,0.0,0.0,0.0,0.0,0.0,1.0
27,56.64,0.0,1.0,0.0,1.0,0.0,0.0,1.0,0.0,0.0,0.0
27,46.06,0.0,1.0,0.0,1.0,0.0,0.0,0.0,1.0,0.0,0.0
27,55.46,0.0,1.0,0.0,1.0,0.0,0.0,0.0,0.0,1.0,0.0
27,51.41,0.0,1.0,0.0,1.0,0.0,0.0,0.0,0.0,0.0,1.0
22,49.67,0.0,1.0,0.0,0.0,0.0,1.0,1.0,0.0,0.0,0.0
22,49.98,0.0,1.0,0.0,0.0,0.0,1.0,0.0,1.0,0.0,0.0
22,49.5,0.0,1.0,0.0,0.0,0.0,1.0,0.0,0.0,1.0,0.0
22,47.35,0.0,1.0,0.0,0.0,0.0,1.0,0.0,0.0,0.0,1.0
17,50.26,0.0,1.0,0.0,0.0,0.0,1.0,1.0,0.0,0.0,0.0
17,52.05,0.0,1.0,0.0,0.0,0.0,1.0,0.0,1.0,0.0,0.0
17,51.14,0.0,1.0,0.0,0.0,0.0,1.0,0.0,0.0,1.0,0.0
17,46.3,0.0,1.0,0.0,0.0,0.0,1.0,0.0,0.0,0.0,1.0
5,56.99,0.0,1.0,0.0,1.0,0.0,0.0,1.0,0.0,0.0,0.0
5,45.57,0.0,1.0,0.0,1.0,0.0,0.0,0.0,1.0,0.0,0.0
5,45.92,0.0,1.0,0.0,1.0,0.0,0.0,0.0,0.0,1.0,0.0
5,50.52,0.0,1.0,0.0,1.0,0.0,0.0,0.0,0.0,0.0,1.0
15,32.61,0.0,1.0,0.0,0.0,1.0,0.0,1.0,0.0,0.0,0.0
15,57.27,0.0,1.0,0.0,0.0,1.0,0.0,0.0,1.0,0.0,0.0
15,37.32,0.0,1.0,0.0,0.0,1.0,0.0,0.0,0.0,1.0,0.0
15,41.22,0.0,1.0,0.0,0.0,1.0,0.0,0.0,0.0,0.0,1.0
1,39.73,0.0,1.0,0.0,0.0,1.0,0.0,1.0,0.0,0.0,0.0
1,50.3,0.0,1.0,0.0,0.0,1.0,0.0,0.0,1.0,0.0,0.0
1,40.16,0.0,1.0,0.0,0.0,1.0,0.0,0.0,0.0,1.0,0.0
1,41.37,0.0,1.0,0.0,0.0,1.0,0.0,0.0,0.0,0.0,1.0
24,54.79,0.0,1.0,0.0,0.0,0.0,1.0,1.0,0.0,0.0,0.0
24,52.39,0.0,1.0,0.0,0.0,0.0,1.0,0.0,1.0,0.0,0.0
24,42.15,0.0,1.0,0.0,0.0,0.0,1.0,0.0,0.0,1.0,0.0
24,49.63,0.0,1.0,0.0,0.0,0.0,1.0,0.0,0.0,0.0,1.0
1,54.95,0.0,1.0,0.0,1.0,0.0,0.0,1.0,0.0,0.0,0.0
1,55.78,0.0,1.0,0.0,1.0,0.0,0.0,0.0,1.0,0.0,0.0
1,46.49,0.0,1.0,0.0,1.0,0.0,0.0,0.0,0.0,1.0,0.0
1,56.84,0.0,1.0,0.0,1.0,0.0,0.0,0.0,0.0,0.0,1.0
9,48.06,0.0,1.0,0.0,0.0,0.0,1.0,1.0,0.0,0.0,0.0
9,51.09,0.0,1.0,0.0,0.0,0.0,1.0,0.0,1.0,0.0,0.0
9,44.19,0.0,1.0,0.0,0.0,0.0,1.0,0.0,0.0,1.0,0.0
9,49.52,0.0,1.0,0.0,0.0,0.0,1.0,0.0,0.0,0.0,1.0
3,65.11,0.0,1.0,0.0,1.0,0.0,0.0,1.0,0.0,0.0,0.0
3,54.38,0.0,1.0,0.0,1.0,0.0,0.0,0.0,1.0,0.0,0.0
3,57.14,0.0,1.0,0.0,1.0,0.0,0.0,0.0,0.0,1.0,0.0
3,49.91,0.0,1.0,0.0,1.0,0.0,0.0,0.0,0.0,0.0,1.0
9,48.76,0.0,1.0,0.0,0.0,1.0,0.0,1.0,0.0,0.0,0.0
9,44.14,0.0,1.0,0.0,0.0,1.0,0.0,0.0,1.0,0.0,0.0
9,58.1,0.0,1.0,0.0,0.0,1.0,0.0,0.0,0.0,1.0,0.0
9,44.16,0.0,1.0,0.0,0.0,1.0,0.0,0.0,0.0,0.0,1.0
10,44.66,0.0,1.0,0.0,0.0,0.0,1.0,1.0,0.0,0.0,0.0
10,53.78,0.0,1.0,0.0,0.0,0.0,1.0,0.0,1.0,0.0,0.0
10,43.91,0.0,1.0,0.0,0.0,0.0,1.0,0.0,0.0,1.0,0.0
10,52.41,0.0,1.0,0.0,0.0,0.0,1.0,0.0,0.0,0.0,1.0
1,50.54,0.0,1.0,0.0,1.0,0.0,0.0,1.0,0.0,0.0,0.0
1,58.43,0.0,1.0,0.0,1.0,0.0,0.0,0.0,1.0,0.0,0.0
1,59.77,0.0,1.0,0.0,1.0,0.0,0.0,0.0,0.0,1.0,0.0
1,60.44,0.0,1.0,0.0,1.0,0.0,0.0,0.0,0.0,0.0,1.0
6,50.94,0.0,1.0,0.0,0.0,0.0,1.0,1.0,0.0,0.0,0.0
6,49.38,0.0,1.0,0.0,0.0,0.0,1.0,0.0,1.0,0.0,0.0
6,63.98,0.0,1.0,0.0,0.0,0.0,1.0,0.0,0.0,1.0,0.0
6,45.84,0.0,1.0,0.0,0.0,0.0,1.0,0.0,0.0,0.0,1.0
5,51.01,0.0,1.0,0.0,0.0,0.0,1.0,1.0,0.0,0.0,0.0
5,56.16,0.0,1.0,0.0,0.0,0.0,1.0,0.0,1.0,0.0,0.0
5,45.77,0.0,1.0,0.0,0.0,0.0,1.0,0.0,0.0,1.0,0.0
5,46.47,0.0,1.0,0.0,0.0,0.0,1.0,0.0,0.0,0.0,1.0
1,46.02,0.0,1.0,0.0,0.0,1.0,0.0,1.0,0.0,0.0,0.0
1,51.09,0.0,1.0,0.0,0.0,1.0,0.0,0.0,1.0,0.0,0.0
1,51.68,0.0,1.0,0.0,0.0,1.0,0.0,0.0,0.0,1.0,0.0
1,55.91,0.0,1.0,0.0,0.0,1.0,0.0,0.0,0.0,0.0,1.0
20,55.9,0.0,1.0,0.0,0.0,0.0,1.0,1.0,0.0,0.0,0.0
20,59.8,0.0,1.0,0.0,0.0,0.0,1.0,0.0,1.0,0.0,0.0
20,60.97,0.0,1.0,0.0,0.0,0.0,1.0,0.0,0.0,1.0,0.0
20,64.14,0.0,1.0,0.0,0.0,0.0,1.0,0.0,0.0,0.0,1.0
9,39.98,0.0,1.0,0.0,0.0,0.0,1.0,1.0,0.0,0.0,0.0
9,54.58,0.0,1.0,0.0,0.0,0.0,1.0,0.0,1.0,0.0,0.0
9,52.64,0.0,1.0,0.0,0.0,0.0,1.0,0.0,0.0,1.0,0.0
9,45.43,0.0,1.0,0.0,0.0,0.0,1.0,0.0,0.0,0.0,1.0
13,49.3,0.0,1.0,0.0,1.0,0.0,0.0,1.0,0.0,0.0,0.0
13,61.8,0.0,1.0,0.0,1.0,0.0,0.0,0.0,1.0,0.0,0.0
13,58.0,0.0,1.0,0.0,1.0,0.0,0.0,0.0,0.0,1.0,0.0
13,55.2,0.0,1.0,0.0,1.0,0.0,0.0,0.0,0.0,0.0,1.0
7,53.76,1.0,0.0,0.0,0.0,1.0,0.0,1.0,0.0,0.0,0.0
7,39.36,1.0,0.0,0.0,0.0,1.0,0.0,0.0,1.0,0.0,0.0
7,47.2,1.0,0.0,0.0,0.0,1.0,0.0,0.0,0.0,1.0,0.0
7,53.66,1.0,0.0,0.0,0.0,1.0,0.0,0.0,0.0,0.0,1.0
1,61.53,1.0,0.0,0.0,1.0,0.0,0.0,1.0,0.0,0.0,0.0
1,59.17,1.0,0.0,0.0,1.0,0.0,0.0,0.0,1.0,0.0,0.0
1,63.73,1.0,0.0,0.0,1.0,0.0,0.0,0.0,0.0,1.0,0.0
1,61.77,1.0,0.0,0.0,1.0,0.0,0.0,0.0,0.0,0.0,1.0
7,51.89,1.0,0.0,0.0,0.0,0.0,1.0,1.0,0.0,0.0,0.0
7,51.17,1.0,0.0,0.0,0.0,0.0,1.0,0.0,1.0,0.0,0.0
7,54.33,1.0,0.0,0.0,0.0,0.0,1.0,0.0,0.0,1.0,0.0
7,50.05,1.0,0.0,0.0,0.0,0.0,1.0,0.0,0.0,0.0,1.0
10,51.09,1.0,0.0,0.0,0.0,1.0,0.0,1.0,0.0,0.0,0.0
10,54.82,1.0,0.0,0.0,0.0,1.0,0.0,0.0,1.0,0.0,0.0
10,44.16,1.0,0.0,0.0,0.0,1.0,0.0,0.0,0.0,1.0,0.0
10,53.95,1.0,0.0,0.0,0.0,1.0,0.0,0.0,0.0,0.0,1.0
2,54.34,1.0,0.0,0.0,0.0,0.0,1.0,1.0,0.0,0.0,0.0
2,60.24,1.0,0.0,0.0,0.0,0.0,1.0,0.0,1.0,0.0,0.0
2,56.39,1.0,0.0,0.0,0.0,0.0,1.0,0.0,0.0,1.0,0.0
2,58.33,1.0,0.0,0.0,0.0,0.0,1.0,0.0,0.0,0.0,1.0
13,51.26,1.0,0.0,0.0,0.0,1.0,0.0,1.0,0.0,0.0,0.0
13,51.73,1.0,0.0,0.0,0.0,1.0,0.0,0.0,1.0,0.0,0.0
13,51.35,1.0,0.0,0.0,0.0,1.0,0.0,0.0,0.0,1.0,0.0
13,41.85,1.0,0.0,0.0,0.0,1.0,0.0,0.0,0.0,0.0,1.0
10,45.21,1.0,0.0,0.0,0.0,1.0,0.0,1.0,0.0,0.0,0.0
10,55.02,1.0,0.0,0.0,0.0,1.0,0.0,0.0,1.0,0.0,0.0
10,45.35,1.0,0.0,0.0,0.0,1.0,0.0,0.0,0.0,1.0,0.0
10,47.06,1.0,0.0,0.0,0.0,1.0,0.0,0.0,0.0,0.0,1.0
3,43.59,1.0,0.0,0.0,0.0,1.0,0.0,1.0,0.0,0.0,0.0
3,46.03,1.0,0.0,0.0,0.0,1.0,0.0,0.0,1.0,0.0,0.0
3,47.22,1.0,0.0,0.0,0.0,1.0,0.0,0.0,0.0,1.0,0.0
3,51.41,1.0,0.0,0.0,0.0,1.0,0.0,0.0,0.0,0.0,1.0
1,58.19,1.0,0.0,0.0,1.0,0.0,0.0,1.0,0.0,0.0,0.0
1,62.72,1.0,0.0,0.0,1.0,0.0,0.0,0.0,1.0,0.0,0.0
1,66.66,1.0,0.0,0.0,1.0,0.0,0.0,0.0,0.0,1.0,0.0
1,64.66,1.0,0.0,0.0,1.0,0.0,0.0,0.0,0.0,0.0,1.0
1,66.34,1.0,0.0,0.0,1.0,0.0,0.0,1.0,0.0,0.0,0.0
1,60.59,1.0,0.0,0.0,1.0,0.0,0.0,0.0,1.0,0.0,0.0
1,61.95,1.0,0.0,0.0,1.0,0.0,0.0,0.0,0.0,1.0,0.0
1,67.84,1.0,0.0,0.0,1.0,0.0,0.0,0.0,0.0,0.0,1.0
1,55.39,1.0,0.0,0.0,0.0,1.0,0.0,1.0,0.0,0.0,0.0
1,49.16,1.0,0.0,0.0,0.0,1.0,0.0,0.0,1.0,0.0,0.0
1,58.26,1.0,0.0,0.0,0.0,1.0,0.0,0.0,0.0,1.0,0.0
1,48.12,1.0,0.0,0.0,0.0,1.0,0.0,0.0,0.0,0.0,1.0
6,49.98,1.0,0.0,0.0,0.0,1.0,0.0,1.0,0.0,0.0,0.0
6,44.84,1.0,0.0,0.0,0.0,1.0,0.0,0.0,1.0,0.0,0.0
6,55.12,1.0,0.0,0.0,0.0,1.0,0.0,0.0,0.0,1.0,0.0
6,47.36,1.0,0.0,0.0,0.0,1.0,0.0,0.0,0.0,0.0,1.0
24,62.33,1.0,0.0,0.0,1.0,0.0,0.0,1.0,0.0,0.0,0.0
24,53.68,1.0,0.0,0.0,1.0,0.0,0.0,0.0,1.0,0.0,0.0
24,62.37,1.0,0.0,0.0,1.0,0.0,0.0,0.0,0.0,1.0,0.0
24,63.58,1.0,0.0,0.0,1.0,0.0,0.0,0.0,0.0,0.0,1.0
9,44.7,1.0,0.0,0.0,0.0,1.0,0.0,1.0,0.0,0.0,0.0
9,43.44,1.0,0.0,0.0,0.0,1.0,0.0,0.0,1.0,0.0,0.0
9,52.36,1.0,0.0,0.0,0.0,1.0,0.0,0.0,0.0,1.0,0.0
9,45.9,1.0,0.0,0.0,0.0,1.0,0.0,0.0,0.0,0.0,1.0
3,53.51,1.0,0.0,0.0,1.0,0.0,0.0,1.0,0.0,0.0,0.0
3,49.76,1.0,0.0,0.0,1.0,0.0,0.0,0.0,1.0,0.0,0.0
3,68.31,1.0,0.0,0.0,1.0,0.0,0.0,0.0,0.0,1.0,0.0
3,66.1,1.0,0.0,0.0,1.0,0.0,0.0,0.0,0.0,0.0,1.0
7,43.61,1.0,0.0,0.0,0.0,1.0,0.0,1.0,0.0,0.0,0.0
7,46.2,1.0,0.0,0.0,0.0,1.0,0.0,0.0,1.0,0.0,0.0
7,51.52,1.0,0.0,0.0,0.0,1.0,0.0,0.0,0.0,1.0,0.0
7,49.71,1.0,0.0,0.0,0.0,1.0,0.0,0.0,0.0,0.0,1.0
14,53.5,1.0,0.0,0.0,0.0,0.0,1.0,1.0,0.0,0.0,0.0
14,56.34,1.0,0.0,0.0,0.0,0.0,1.0,0.0,1.0,0.0,0.0
14,51.83,1.0,0.0,0.0,0.0,0.0,1.0,0.0,0.0,1.0,0.0
14,50.2,1.0,0.0,0.0,0.0,0.0,1.0,0.0,0.0,0.0,1.0
6,49.62,1.0,0.0,0.0,1.0,0.0,0.0,1.0,0.0,0.0,0.0
6,62.54,1.0,0.0,0.0,1.0,0.0,0.0,0.0,1.0,0.0,0.0
6,50.11,1.0,0.0,0.0,1.0,0.0,0.0,0.0,0.0,1.0,0.0
6,61.63,1.0,0.0,0.0,1.0,0.0,0.0,0.0,0.0,0.0,1.0
2,59.87,1.0,0.0,0.0,1.0,0.0,0.0,1.0,0.0,0.0,0.0
2,62.99,1.0,0.0,0.0,1.0,0.0,0.0,0.0,1.0,0.0,0.0
2,57.2,1.0,0.0,0.0,1.0,0.0,0.0,0.0,0.0,1.0,0.0
2,64.34,1.0,0.0,0.0,1.0,0.0,0.0,0.0,0.0,0.0,1.0
14,50.2,1.0,0.0,0.0,0.0,1.0,0.0,1.0,0.0,0.0,0.0
14,45.75,1.0,0.0,0.0,0.0,1.0,0.0,0.0,1.0,0.0,0.0
14,44.29,1.0,0.0,0.0,0.0,1.0,0.0,0.0,0.0,1.0,0.0
14,49.41,1.0,0.0,0.0,0.0,1.0,0.0,0.0,0.0,0.0,1.0
